{"Initial": 50, "Extra_Invested": 510, "Final_Equity": 1093.1281287705901, "Trades": 1353, "ROI_Total": 95.20145156617681, "BNH_Comparison": 720.9856244419922, "History": [50, 50.8826565051581, 50.96618576673104, 51.07192743940286, 51.535317197942064, 51.34333118544947, 51.28497519052554, 59.29721048783246, 59.81296675049461, 57.72142845039807, 56.312778324782784, 57.50332480261797, 57.13022646672148, 58.04632691547272, 68.08813128839937, 69.38805751837042, 67.86300722211725, 65.90558893863019, 67.53465831036013, 68.4135559229438, 67.00678611695125, 77.00674235776202, 76.10337585393536, 76.2034314638365, 75.20542211101602, 77.01039755808287, 79.11454758219168, 79.05476311151908, 91.62214518015696, 91.01561041884662, 94.0525090222934, 94.79029507920335, 97.14740549596476, 99.63716864990823, 100.47358375209734, 108.70646820515749, 108.92806873385743, 111.59036915164467, 111.71868595772962, 113.91179938996352, 117.64311561510604, 118.84630646561857, 127.04138164711318, 126.40523449908184, 127.33460125876803, 125.30434926748515, 129.8206048243364, 130.03417168320095, 130.17112672266686, 140.88346818507426, 139.62661468831732, 137.11623492279625, 136.157383039837, 137.90818761350107, 140.30035150660967, 138.97944160012761, 148.60789778471425, 148.7331844756396, 148.40402536626914, 148.3264974950618, 147.78927796544508, 150.27421004972862, 152.19522215547045, 160.97033491216627, 157.35120245244886, 156.76900837682717, 150.16357840120523, 149.7658032574548, 147.65893937574867, 148.20359246766628, 157.729091711802, 156.28851501647983, 159.83191767191605, 161.9792591912784, 164.7394032682896, 160.45824035296545, 160.7044308608419, 169.3045181843666, 169.65498128001303, 169.9473156909397, 171.3331720705654, 170.56292037577174, 169.35944541913045, 170.34105475485057, 183.4779189066265, 186.5295511439366, 187.64223014485054, 187.29592504852516, 191.59398097675188, 193.58143245970513, 193.33879597800654, 202.95275679418882, 203.50423660532988, 205.25790240705732, 204.1864939617239, 203.36569577300514, 202.6311423829909, 205.85857182081506, 211.71423235330266, 209.3803057663839, 208.40755551196128, 206.44046340659037, 204.77035988627665, 207.35690972168715, 203.1255628523569, 213.5454137238449, 216.76339176249627, 218.89288254515446, 220.7553262914044, 212.68946519141787, 209.3693382685084, 207.3795512072483, 220.7055146475488, 216.94040697085578, 220.8173524059524, 228.02292788487887, 228.14923952715066, 227.9196958638717, 228.56085309472616, 241.17753471979353, 247.42661622048598, 251.97503537746013, 250.86198015267212, 251.5569293340776, 254.41358842912985, 252.0034197179723, 260.13325703855736, 267.94757857321173, 269.61988931644106, 273.0042142871349, 275.4954027337958, 281.4064530169049, 281.90526384770294, 294.06388899023057, 294.04887008489715, 294.2660844195412, 295.8854645971013, 294.1707227173223, 289.10624717794303, 286.551776956887, 290.8190547694847, 285.74240175997113, 287.93629301348267, 289.5486191689013, 291.6016322170983, 297.01605549317696, 300.9652914324668, 305.87279671701504, 307.64272861522136, 308.66552113952883, 312.4797000828638, 315.6621530274733, 318.9954949824655, 328.3752028831177, 337.497699960848, 340.35598396851464, 340.53618810456953, 344.8993536201943, 349.0954119658221, 351.02724737801236, 354.7258391126502, 364.744526227693, 368.1419013479101, 371.4927347643408, 371.16537647203995, 374.47599738982535, 371.82329758775086, 374.2292650264955, 377.9063904398892, 375.6071251023143, 370.389095185418, 380.52165487029384, 378.40672770189786, 380.54459555693523, 387.39849391044334, 399.54609255445973, 397.60196588930427, 403.5354316837647, 392.4729860770749, 392.39410160506424, 377.0724831497646, 376.1389107101731, 386.15564151476485, 382.73162344525576, 377.07193258748623, 392.5747437554558, 399.771809842331, 401.18478631503314, 406.21262289422276, 410.77897249262793, 408.9636703301809, 410.860099056692, 411.7623501401269, 411.8216068705937, 414.0193877148531, 407.07755320739193, 418.33976617067833, 418.41981692060466, 424.1133933409411, 422.11312098812925, 427.31232966941315, 433.48819276472676, 435.5709683815127, 436.9879308778057, 439.58651243809436, 429.48387091606, 429.60143538104694, 419.83492383765804, 424.06304586643915, 435.04784639450725, 457.43333704645414, 472.7448041889621, 468.78826520372763, 467.69672170829006, 468.0135578560629, 474.4724655352112, 476.08484207908214, 478.26581036642534, 475.6860084242261, 483.02997579523276, 491.7831912667159, 492.44556247416733, 498.26244510249205, 502.46938873249053, 511.10302290389643, 519.0409669411771, 522.8323067249992, 535.8458591043864, 539.5412707418607, 554.9631375707162, 556.8677024372261, 557.7759138033168, 565.1423145162888, 566.868074329443, 567.724592138071, 569.9347239565643, 574.6467013365291, 574.4796029996425, 579.695382983758, 576.2385548163778, 578.7550250175559, 584.6227561977728, 581.9389769682505, 596.5977801478022, 603.9569465836535, 607.531844057384, 617.3076732932691, 620.5680753548162, 628.5861788709813, 619.0164443668764, 621.1056642577191, 638.5057086105913, 645.2787287135618, 651.604742954711, 651.1804344501401, 658.2134675233822, 657.4665338091002, 663.2866297389694, 667.5144106430694, 685.3013131908597, 688.6034793914528, 692.7410369497616, 703.0483698543211, 705.1112889252347, 701.7578449804593, 704.674286233754, 705.4959332776258, 704.8218824094306, 697.8836105524947, 708.6291752926081, 706.6250650800694, 710.1986213766713, 715.1769965822391, 719.9842936318615, 715.9359056769792, 706.2930398899124, 709.3818673752943, 709.693452010485, 702.7423218231311, 700.9708901151254, 715.0595738616495, 723.7201439672604, 746.2359667974252, 742.3934371055665, 745.8998355789042, 742.0692052328159, 764.3649640248229, 768.3978850398632, 754.2611034041577, 767.0962156971445, 772.0851321872985, 770.0598530922376, 786.5860675318852, 777.3305449136523, 792.0930978779991, 790.45689265695, 784.0893618269133, 801.8513761631338, 793.8476649516483, 791.109946800178, 800.3589110050189, 819.997543449819, 803.9745744821093, 802.9698584307718, 805.9856443114148, 820.6638937567182, 809.6392897349638, 814.2757751969266, 815.1886217271792, 814.216250767481, 829.9373462706292, 835.038386597162, 826.3447298579598, 831.3612994345524, 846.5988148715986, 870.3405060555633, 868.3433155067954, 869.3313263012717, 888.0142744120703, 898.196957593434, 892.7138749898766, 906.8017103923446, 923.1548649802392, 928.9681388411485, 929.2992699330294, 931.0836417856738, 944.5837101974512, 955.4198138620509, 959.4090961073323, 964.6545087881641, 985.8057586781342, 988.7447459668343, 986.1430191928717, 966.5514556391217, 976.8103257677415, 963.5249948333983, 976.8680231739372, 990.308489240567, 996.1755229146102, 993.4522920222537, 996.0986521552309, 1011.4769723082272, 1016.9560327758243, 1028.7933571393792, 1030.2237855139765, 1039.7077991391004, 1049.7539709664961, 1051.7883012289178, 1050.0566395135395, 1049.935415886045, 1036.8018259583528, 1035.9332000786897, 1030.9443001299064, 1030.4358212583506, 1060.8606297705453, 1089.1277597408543, 1075.4093289159675, 1080.3834659155912, 1098.88900299586, 1091.106750345686]}