{"total_profit": 3.7389031342355254, "final_portfolio_value": 47.38329807350083, "final_active_tickets": 10, "final_cash": 3.7389031342355334, "portfolio_history": [49.93253373313343, 49.89455968310612, 50.39333124919155, 50.40615039095763, 50.58921387593264, 50.492363853829744, 50.72541410676109, 50.902202500050365, 50.90807988479623, 50.92086748486805, 51.165622627965355, 50.971135755456885, 50.832312330747584, 50.85509335313604, 50.699720417789095, 50.84308864296981, 51.13365639631443, 51.45366371697362, 51.40234946791, 51.8938229855451, 51.266633975497726, 51.2644513680194, 51.10219237359036, 50.974018477204034, 49.79927509846245, 49.58367058140545, 49.93735993327822, 49.87922709300102, 49.84686729620838, 49.25947985292618, 48.98426870400538, 48.84871690248384, 49.08382697259169, 49.24640029341913, 49.43257548686899, 49.39810913774292, 49.41640031698892, 49.26848449975608, 49.00821947029997, 49.11014729669233, 49.49746900784133, 48.96126507273561, 49.171086662364466, 49.11878495886233, 49.29025792077136, 49.61824950160212, 49.409819544193226, 49.35658772345627, 50.07929129902743, 49.16104727535753, 49.25844995640525, 48.603205952226205, 48.94258544665258, 49.0144593960996, 48.95853491502988, 49.11091506762221, 49.50062171484459, 49.79649443214372, 49.60874296625062, 49.73280811406016, 49.62523975677815, 49.46470710923529, 49.784433403254724, 49.50699436177715, 49.53144623603114, 49.30200238820499, 49.44565035379298, 49.408198413485444, 49.17277963712015, 49.15035125071928, 48.880844696179864, 48.98387001211413, 48.983473219743466, 49.2354362760077, 48.35299645158231, 48.79634647813476, 49.0114365840294, 48.69886436628746, 49.380093418593496, 49.175546546369176, 49.0912396257779, 49.150801848740784, 49.015075054522356, 49.00788418757154, 48.86849516906569, 48.77186198722715, 48.97540062305202, 49.168567795963185, 49.14410087983828, 49.09672328478867, 49.149115328008776, 49.40256334871849, 49.40697039544454, 49.41576099701519, 49.10010224089488, 48.763772842113504, 48.72833299601588, 48.472662000840586, 48.5247636552327, 48.8960802125116, 48.457668857693584, 48.01421812281854, 47.35048413193149, 46.976872781602516, 46.895161242763024, 46.580630369193045, 46.61418763158809, 46.52573332432298, 46.35703345336932, 46.61996444961347, 46.23489712705386, 46.339400728960236, 45.87788124804091, 45.72344978385822, 45.72719885526305, 45.41568911229996, 44.838654273635164, 44.922249297154174, 44.77038015766258, 44.64910600486742, 44.68332558133818, 44.11587230233128, 44.24868005980746, 44.235280624629986, 44.07182136305501, 43.93821951047212, 44.42848841834344, 44.48002717897275, 44.48224480966726, 44.43929522908793, 44.432387810888166, 44.612564719029585, 44.52804190474804, 44.626680963786505, 44.064577581060654, 43.97049744074134, 43.888668763552964, 44.26754435998763, 44.43263103080165, 44.174938200963666, 44.1270147171729, 44.39951980877771, 44.212063131901466, 43.82305055161749, 43.81551226360076, 43.41713453023914, 43.78151427141083, 44.61743732300379, 44.510372331154244, 44.4365405265625, 44.43620017673345, 44.3079469495357, 44.27649499405885, 44.261996169465064, 44.34058904129043, 44.38480217820296, 44.23287973972983, 44.47011210242431, 44.60766208132764, 44.49008230469688, 44.54906790956936, 44.57211202752277, 44.433032867951994, 44.56351598676165, 44.79178889582809, 44.848438279873136, 44.890039935980994, 44.7831360772786, 44.71428060751824, 44.84498577770081, 44.801314134245494, 44.80581151327821, 44.532610260179055, 44.584631303668694, 44.73449654901548, 44.59978548999292, 44.35183335136433, 44.56897498116526, 44.363663633625066, 44.337460938231175, 44.11254417466118, 44.19428479618223, 43.98642235975519, 43.96176285560252, 43.95757083419165, 43.95542366162055, 44.024011500473364, 43.97613438527177, 43.88049324375673, 43.991160053917056, 44.01122651240832, 43.9911895966879, 43.570602239482405, 43.446505042273316, 43.345878958735035, 43.4883670824536, 43.58314709603988, 43.41838936421434, 43.352726112949064, 43.30705804915579, 43.13511829013873, 43.27448829989191, 43.3809538538085, 43.32273109147321, 42.72988532248604, 41.20703959351539, 41.35599874783031, 41.391886222225445, 41.38251866186232, 41.6349860829942, 42.32956272911275, 42.351381741068344, 42.356430334553366, 43.07982208801195, 42.91599360019505, 42.94639419914342, 43.17091419240153, 42.89038501399531, 42.711669021449346, 42.35634084187905, 42.20257723533553, 41.865537934446614, 41.70463542662634, 41.506828858861994, 41.67067900615156, 41.8896137175472, 41.92872746290147, 41.93897913260712, 42.124415706151616, 41.69596914373783, 41.57498239268843, 41.2858313226207, 41.17258964914906, 41.034269762361966, 40.885290256929494, 41.02071855996813, 41.08327556970211, 41.00224743737211, 41.052325778309786, 41.09716806222115, 40.98420386367157, 40.825717057292515, 41.0847041184521, 41.40524596495835, 41.63066221830861, 41.50443548238895, 41.50548521891385, 41.51372582335335, 41.56366562860911, 41.42385706016007, 41.53674776458014, 41.44879754085327, 41.499834723464915, 42.61362806446297, 42.555190529575604, 42.13908197437678, 42.16289952585574, 41.929270683833145, 42.03461706609485, 42.13660209983341, 42.32455389425787, 42.41547636445547, 42.433354358068144, 42.6029985057667, 43.01813904532074, 43.152181163261076, 43.7744559921818, 44.06961215350159, 44.64287706037663, 45.00918248184489, 45.271758499956206, 45.316166927966435, 45.42987123169657, 45.66421718628581, 45.07169071734148, 44.48345292222764, 44.62728046193055, 44.49347687640828, 44.62492789832049, 44.64682883262809, 44.815699303294295, 44.54005109643033, 44.36273639899166, 44.282241953711775, 44.26062995102279, 44.62084521548387, 44.21692103253062, 44.05605128772615, 44.31132160709808, 44.167519241923316, 44.106944712479105, 43.85955106177191, 42.965513388302284, 42.9642595108794, 43.277080050959, 43.650025343946396, 43.45901255267583, 43.48035239664699, 43.60890487394521, 43.58052965131634, 43.48681650505465, 43.581861664417886, 43.70753968574137, 43.8372090281661, 44.103372978479044, 44.14013824078711, 44.217270979195405, 44.28884805532155, 44.53457114033901, 44.24761865812026, 43.63702798298331, 43.30908277759359, 43.18044084104035, 43.21057554073701, 42.93072102473252, 43.005759568205605, 42.59151157647564, 42.86953687474448, 42.64734055902163, 42.49785068063335, 42.563397667865544, 42.4528419762881, 42.500293890739655, 42.73448983089992, 42.850253025572414, 42.681800925460635, 42.82579293300185, 42.584746802618355, 42.54665049611319, 42.42162596125985, 40.67090021347909, 41.061591652387065, 40.67010610005393, 40.65284845150883, 40.858522837266406, 40.78032417634064, 40.899238568625194, 41.78274820915432, 41.42306155228023, 41.61891283910285, 41.65747590208983, 41.810871196382266, 42.32955436719381, 42.63848855546834, 43.28454848551081, 43.05353967149021, 43.27895397660295, 43.3203544899463, 43.160316012579415, 43.830998506087866, 44.19829538267206, 44.01652266677843, 43.92361505822274, 43.989435889376594, 43.668364328319726, 43.89274580444685, 43.315421067293585, 43.19877962608466, 43.343776764901534, 43.32676928319388, 43.097978713454594, 43.64047450940724, 43.51900987997463, 43.477044867996185, 43.03484501556623, 42.875555142646505, 43.08699527338186, 42.755284755974444, 42.24257540859655, 42.547027968346754, 42.49090547141637, 42.770376638184956, 43.25652960421621, 43.28640661035833, 43.085489019921766, 43.45740063258867, 43.37475681220111, 43.23351970323802, 42.8318973869457, 42.68152757190964, 42.8661694117542, 42.938140632785306, 43.008256074728024, 43.080523483445035, 42.91361743344655, 42.69627404396455, 43.965401563800995, 44.930887374420536, 45.04945253863729, 44.70872422689642, 44.55902485563225, 44.64268618684111, 44.53151425904153, 44.61659966205964, 44.738561165996, 44.215997351651076, 44.3444938886866, 44.17746570869073, 44.09550810669932, 44.154084882230684, 43.975819479975044, 43.8831483584583, 43.90866328874176, 43.90201667638138, 43.231834560457926, 43.04500051452947, 43.09031700733035, 43.19766540907692, 