{"days_simulated": 360.0, "total_profit": 45.38592003329765, "final_portfolio_value": 54.67738260764807, "final_active_tickets": 29, "final_cash": 0.38592003329764246, "portfolio_history": [99.93253373313344, 99.94103354033084, 98.96041569994277, 101.1757034623573, 100.9071518635639, 102.12964804075074, 101.53901041275108, 98.48623336591729, 95.22602064201214, 95.64640019220894, 95.21359687617385, 91.97302207731923, 92.63462436521715, 88.2047173717848, 90.02682881597175, 90.9960263742904, 89.92354940915054, 81.19514635806559, 85.92036397439685, 81.35020638573799, 87.14341847831251, 86.54583342214572, 89.35196638987763, 91.11162339646712, 92.09272341152679, 91.15807974867593, 87.9905532034275, 89.76893205497963, 89.50140592318799, 90.7824292304337, 90.40795075716873, 91.67145438580528, 93.07940311599864, 100.104298968546, 94.869287285417, 94.99603442474601, 95.1454806300362, 95.32702539952616, 96.87482868297243, 96.51526074945696, 94.80257101711979, 97.21607253412992, 96.71883950341547, 95.6605118164466, 97.46116962833418, 96.63007322949832, 95.85564986984002, 97.73410962489501, 100.47464993068687, 107.60988221847796, 106.10471654349764, 108.0933592165302, 109.6514009113587, 106.45865437267642, 106.88833474785318, 105.25196539307008, 104.94552318603698, 103.15554245366953, 103.59884975674338, 100.8780041161957, 102.60088310270915, 104.30041126648908, 107.49042309549799, 104.98534562784917, 104.00778768969259, 101.55415793403168, 105.18665456366088, 104.8917342550644, 104.79256364632907, 104.49021990795825, 104.9661797075506, 101.47385839096545, 101.39357275200857, 101.98546073023275, 93.95864864132389, 93.58785647032713, 93.98236119249967, 91.88456609816387, 94.35008507164865, 95.06269741162944, 92.45644828550061, 96.77844566521567, 97.98717470745305, 93.93207489088844, 88.28136159795855, 89.32017771010715, 88.84890911612979, 91.32615349272572, 89.27496871472431, 86.74537988761753, 87.5825605540089, 88.09382723501875, 84.50021404596171, 81.21838179780157, 80.99507580649252, 85.62504411694536, 87.51465745222211, 87.03367145518541, 86.16040458260387, 87.63797335296803, 88.03859788010791, 86.02376018313646, 84.91504949580607, 85.15919964483587, 88.64641251427452, 87.34685882840948, 86.82147607396398, 89.32203639486681, 90.22284962171823, 90.99415177366414, 92.50674393722764, 94.74867212521933, 100.27470306881153, 96.7301329969326, 99.36820066037411, 100.49895249749318, 98.11766254662906, 104.38584984345862, 109.51602427769271, 112.46058155527022, 107.7282856458294, 109.17437385624777, 111.26873167363334, 110.86739298470617, 108.67945820492736, 106.57567935048185, 107.55674587868715, 109.13299433070202, 109.36986390639464, 111.85519883288065, 109.14235137004678, 106.51389998701372, 108.64448183781207, 103.61638837399889, 101.1524864665086, 100.90980350983979, 104.37402559493998, 107.25043962334371, 105.26837884402448, 111.26919687460352, 114.56143545180349, 116.35109247056697, 113.69247952943664, 112.6647342300479, 111.60890348899088, 115.59685867015179, 110.04693099248817, 110.1822542759447, 109.7940280973923, 110.99834729282745, 107.78005635341762, 107.75617516005053, 105.31009471971316, 105.09937513520072, 102.96027217781358, 108.25012728406031, 107.59019778392248, 106.16442755429341, 105.84389060882769, 108.24568388592469, 108.89155272304858, 106.55267445419172, 106.29878396857079, 106.76736610678464, 105.33912121943813, 104.60684780104474, 106.19998771011791, 105.80114583854208, 106.58781233903547, 104.59929195299158, 104.9198130756044, 106.71134584932227, 108.64917392905834, 108.16072031994447, 108.16131492676237, 109.11017051702427, 112.91830131888044, 109.86158561565809, 107.39070954245821, 108.71052770084268, 110.27107871737053, 116.8901152902969, 115.62429485467841, 116.06265299801483, 121.89207877491137, 115.82643062653682, 114.43833817537963, 113.2172254731524, 109.4318516902387, 107.27949331959836, 108.98500643237696, 107.29185974974082, 109.45391014870592, 110.31338965981546, 112.76336369786392, 120.54593637930235, 123.43906204522727, 123.04241786641427, 123.41526388802669, 124.03369559915262, 126.97562161494528, 121.92015795219214, 117.20707488922028, 117.3504772355355, 91.56232015927691, 88.92948710769942, 94.83085979015699, 91.69219934118775, 95.75726676546975, 94.94655093811497, 87.87283719772762, 90.13698745124118, 90.37138098489301, 94.09499816490008, 92.14397573020733, 91.4494255958575, 91.03874664944559, 93.79699098564217, 95.55036622639795, 97.67298685004994, 98.9227997056812, 98.31759159542538, 97.25465829560663, 92.38530281802528, 92.94785203044215, 94.35868279213463, 94.98563645965045, 89.46109539720523, 84.38943966469589, 82.65488134978736, 82.90769533863059, 80.91131132546926, 86.13078769493276, 84.98375491103975, 90.9251093267698, 88.58217931374784, 88.29732575725058, 88.41923696375818, 81.00691605620814, 80.59637760550761, 79.8069014122981, 80.07762368104935, 77.4005544195058, 76.74001489838945, 76.92920321953545, 68.41135798164105, 67.75771927205379, 70.65822010804798, 70.52648400592062, 74.59435807366732, 73.20189683394042, 74.72256711664576, 75.6868382459614, 75.14858990412976, 73.37008232127177, 67.48321864725943, 68.5778614372816, 73.75681564296102, 73.6164622078113, 71.05696720784735, 69.54084013477987, 70.14072613538671, 71.78840743045176, 71.22874910411197, 71.69871232822278, 69.08086814753837, 70.87003071579743, 69.36806170605554, 68.31996544782481, 68.31305174487497, 65.97954778970158, 65.5137696513928, 64.04997258109016, 64.4255796879536, 65.70987400908112, 65.0815712549392, 65.15446653288569, 63.540256181254605, 62.78104692611449, 62.89672811021502, 63.496920390143764, 62.9311651563604, 63.56037067041133, 63.33751365730327, 63.36436570480391, 64.2146200674815, 63.529242852168274, 65.8284746266655, 68.09720185546172, 71.90596844061699, 72.07662210194192, 77.64847243098653, 74.46260351965081, 70.11319422215577, 71.18976186734159, 71.54315085762943, 71.78552794631727, 70.60896989724614, 71.0502314323571, 73.25026318806191, 73.1725955995834, 71.21441827408073, 71.4912359793874, 70.8681421387766, 67.50620598626048, 66.21142174611455, 64.82058632445282, 66.12802310408561, 65.2643935793751, 65.5040077931133, 65.00530617017127, 64.32342012424145, 63.94123628131464, 65.26329779741116, 63.61103999922071, 60.02512432287248, 58.26464738100797, 54.780206603190244, 54.755539620848374, 53.90617199240969, 52.686530683645074, 46.99003482615687, 45.653014978319725, 47.53354229187384, 48.4433276691505, 46.60438286917567, 46.41230095516464, 45.29132505351062, 46.25615278568095, 45.49598961724946, 48.6856112962801, 49.74710763524191, 49.408017992364144, 48.09373222200693, 48.030258341876184, 45.9645766917935, 46.234608925828084, 47.29551507632197, 46.55786932062637, 46.98061851275976, 45.75944923577657, 47.65919270370954, 49.44693126219003, 47.937703950205, 45.291766021460774, 47.31807285558769, 46.86984841073547, 47.91071565691006, 49.15180518733306, 50.50194606002052, 48.99054121670146, 47.91404682080942, 47.88452819445592, 49.422152333112614, 51.02369681624783, 50.09075670247392, 50.273135483798164, 52.90676379664797, 52.42555419973665, 53.314682204939935, 54.67738260764807]}