{"labels": ["$50 (Slow)", "$600 (Slow)", "$600 (HFT)"], "roi": [-14.851817179413384, -1.601806474386236, -1.2473567392949025], "profit": [-7.425908589706694, -9.610838846317392, -7.484140435769405]}